{
  "version": 1,
  "author": "Anonymous maker",
  "editor": "wokwi",
  "parts": [
    { "type": "wokwi-arduino-uno", "id": "uno", "top": 76.55, "left": -16.83, "attrs": {} },
    {
      "type": "wokwi-max7219-matrix",
      "id": "matrix1",
      "top": -53.23,
      "left": 5.83,
      "attrs": { "chain": "4" }
    },
    {
      "type": "wokwi-max7219-matrix",
      "id": "matrix2",
      "top": -52.77,
      "left": -297.45,
      "attrs": { "chain": "4" }
    }
  ],
  "connections": [
    [ "uno:GND.3", "matrix1:V+", "black", [ "v16.63", "h191.12", "v-328.13" ] ],
    [ "uno:5V", "matrix1:GND", "red", [ "v28.94", "h218.92", "v-171.54" ] ],
    [ "matrix1:DIN", "uno:11", "green", [ "h38.33", "v72.27", "h-217.29" ] ],
    [ "matrix1:CS", "uno:10", "green", [ "h30.42", "v52.99", "h-200.57" ] ],
    [ "matrix1:CLK", "uno:13", "green", [ "h21.62", "v31.07", "h-219.93" ] ],
    [ "matrix2:V+", "matrix1:V+.2", "green", [ "h0" ] ],
    [ "matrix2:GND", "matrix1:GND.2", "black", [ "h0" ] ],
    [ "matrix2:DIN", "matrix1:DOUT", "green", [ "h0" ] ],
    [ "matrix2:CS", "matrix1:CS.2", "green", [ "h13.72", "v-5.38" ] ],
    [ "matrix2:CLK", "matrix1:CLK.2", "green", [ "h0" ] ]
  ]
}