{
  "version": 1,
  "author": "Jim Lee",
  "editor": "wokwi",
  "parts": [
    {
      "type": "wokwi-arduino-mega",
      "id": "mega",
      "top": 272.86,
      "left": -34.52,
      "attrs": { "__fakeRamSize": "65000" }
    },
    {
      "type": "board-ili9341-cap-touch",
      "id": "lcd1",
      "top": -149.52,
      "left": 75.06,
      "attrs": {}
    },
    {
      "type": "wokwi-microsd-card",
      "id": "sd1",
      "top": 39.23,
      "left": 395.41,
      "rotate": 90,
      "attrs": {}
    },
    {
      "type": "wokwi-buzzer",
      "id": "bz1",
      "top": 481.7,
      "left": 153.47,
      "attrs": { "volume": "0.025" }
    }
  ],
  "connections": [
    [ "mega:GND.1", "lcd1:GND", "black", [ "v-53", "h-5" ] ],
    [ "mega:52", "lcd1:SCK", "white", [ "v-54", "h19" ] ],
    [ "mega:50", "lcd1:MISO", "green", [ "v-43", "h35" ] ],
    [ "mega:51", "lcd1:MOSI", "blue", [ "v0", "h-197", "v-226", "h112" ] ],
    [ "mega:53", "lcd1:D/C", "yellow", [ "v-67", "h-28" ] ],
    [ "mega:5V", "lcd1:VCC", "red", [ "v26", "h-197", "v-226", "h112" ] ],
    [ "mega:10", "lcd1:CS", "red", [ "v-90", "h-31" ] ],
    [ "mega:20", "lcd1:SDA", "blue", [ "v24" ] ],
    [ "mega:52", "sd1:SCK", "white", [ "v-54", "h19" ] ],
    [ "mega:50", "sd1:DO", "green", [ "v-43", "h35" ] ],
    [ "mega:53", "sd1:CD", "yellow", [ "v-67", "h-28" ] ],
    [ "mega:4", "sd1:CS", "green", [ "v-87", "h63" ] ],
    [ "mega:5V", "sd1:VCC", "red", [ "v26.06", "h273", "v-325.06", "h27.3" ] ],
    [ "mega:GND.1", "sd1:GND", "black", [ "v-53", "h152" ] ],
    [ "mega:51", "sd1:DI", "blue", [ "v-2.49", "h31.94", "v-286.49", "h50.95" ] ],
    [ "mega:21", "lcd1:SCL", "white", [ "v-120.21", "h-4.54" ] ],
    [ "mega:GND.2", "bz1:1", "black", [ "v0" ] ],
    [ "mega:14", "bz1:2", "green", [ "v0" ] ]
  ],
  "dependencies": {}
}