{
  "version": 1,
  "author": "Anonymous maker",
  "editor": "wokwi",
  "parts": [
    { "type": "wokwi-arduino-uno", "id": "uno", "top": 42.38, "left": 48.94, "attrs": {} },
    {
      "type": "wokwi-resistor",
      "id": "r1",
      "top": -33.63,
      "left": 111.88,
      "attrs": { "value": "1000" }
    },
    {
      "type": "wokwi-led",
      "id": "led1",
      "top": -84.95,
      "left": 79.28,
      "attrs": { "color": "blue" }
    },
    {
      "type": "wokwi-pushbutton",
      "id": "btn1",
      "top": -71.56,
      "left": 195.43,
      "attrs": { "color": "blue" }
    }
  ],
  "connections": [
    [ "led1:C", "uno:GND.1", "black", [ "v37.76", "h70.16" ] ],
    [ "uno:GND.1", "btn1:1.r", "black", [ "v-55.63", "h131.3", "v-71.24" ] ],
    [ "btn1:2.l", "uno:5", "green", [ "h-14.18", "v42.56", "h63.74" ] ],
    [ "r1:2", "uno:7", "green", [ "v0.69", "h165.17", "v10.31", "h58.12" ] ],
    [ "led1:A", "r1:1", "green", [ "v0" ] ]
  ]
}