{
  "version": 1,
  "author": "Anonymous maker",
  "editor": "wokwi",
  "parts": [
    { "type": "wokwi-arduino-uno", "id": "uno", "top": 116.55, "left": -117.42, "attrs": {} },
    {
      "type": "wokwi-lcd1602",
      "id": "lcd1",
      "top": -107.75,
      "left": 160.11,
      "attrs": { "pins": "i2c" }
    },
    { "type": "wokwi-hc-sr04", "id": "ultrasonic1", "top": -138.48, "left": -111.52, "attrs": {} },
    {
      "type": "wokwi-buzzer",
      "id": "bz1",
      "top": -226.71,
      "left": -209.34,
      "attrs": { "volume": "0.1" }
    }
  ],
  "connections": [
    [
      "lcd1:GND",
      "uno:GND.2",
      "black",
      [ "h-51.04", "v175.34", "h139.75", "v61.19", "h-0.56", "v222.36", "h-221.23" ]
    ],
    [
      "lcd1:VCC",
      "uno:5V",
      "red",
      [ "h-25.55", "v148.63", "h134.89", "v174.27", "h0.29", "v136.81", "h-228.49" ]
    ],
    [ "lcd1:SDA", "uno:A4", "green", [ "h-13.37", "v127.27", "h133.43", "v334.78", "h-67.93" ] ],
    [ "lcd1:SCL", "uno:A5", "green", [ "h-40.9", "v138.39", "h140.71", "v242.6", "h-122.51" ] ],
    [ "bz1:2", "uno:8", "green", [ "v159.44", "h39.84" ] ],
    [ "bz1:1", "uno:GND.1", "green", [ "v155.8", "h-20.45" ] ],
    [ "ultrasonic1:VCC", "uno:5V", "red", [ "v86.1", "h-104.74", "v288.21", "h156.88" ] ],
    [ "ultrasonic1:TRIG", "uno:6", "green", [ "v38.48", "h109.58" ] ],
    [
      "ultrasonic1:GND",
      "uno:GND.2",
      "black",
      [ "v22.37", "h117.79", "v128.57", "h88.31", "v241.56", "h-128.57" ]
    ],
    [ "ultrasonic1:ECHO", "uno:7", "green", [ "v108.08", "h89.32" ] ]
  ]
}