{
  "version": 1,
  "author": "Anonymous maker",
  "editor": "wokwi",
  "parts": [
    { "type": "wokwi-esp32-devkit-v1", "id": "esp", "top": 37.33, "left": -113.33, "attrs": {} },
    {
      "type": "wokwi-led",
      "id": "led1",
      "top": -44.82,
      "left": 160.16,
      "attrs": { "color": "green" }
    },
    {
      "type": "wokwi-led",
      "id": "led2",
      "top": -45.48,
      "left": 107.5,
      "attrs": { "color": "red" }
    },
    { "type": "wokwi-potentiometer", "id": "pot1", "top": 117.18, "left": 167.5, "attrs": {} }
  ],
  "connections": [
    [ "esp:TX0", "$serialMonitor:RX", "", [] ],
    [ "esp:RX0", "$serialMonitor:TX", "", [] ],
    [ "led2:C", "esp:GND.1", "red", [ "v0" ] ],
    [ "led1:C", "esp:GND.1", "green", [ "v30.47", "h-144.66", "v146.67" ] ],
    [ "pot1:GND", "esp:GND.1", "black", [ "v19.3", "h-127.67", "v-29.33" ] ],
    [ "pot1:VCC", "esp:3V3", "orange", [ "v36.63", "h-176.75", "v-32.67" ] ],
    [ "led2:A", "esp:D25", "red", [ "v7.79", "h-262", "v120" ] ],
    [ "led1:A", "esp:D26", "green", [ "v19.8", "h-325.99", "v13.33" ] ],
    [ "pot1:SIG", "esp:D12", "limegreen", [ "v60.63", "h-334.8", "v-77.33" ] ]
  ]
}