{
  "version": 1,
  "author": "Anonymous maker",
  "editor": "wokwi",
  "parts": [
    { "type": "wokwi-arduino-uno", "id": "uno", "top": 63.5, "left": -43.05, "attrs": {} },
    {
      "type": "wokwi-dht22",
      "id": "dht1",
      "top": -142.19999186197916,
      "left": -166.33333333333334,
      "attrs": {}
    },
    {
      "type": "wokwi-lcd1602",
      "id": "lcd1",
      "top": -166.53,
      "left": 15.33,
      "attrs": { "pins": "i2c" }
    }
  ],
  "connections": [
    [ "lcd1:SDA", "uno:A4.2", "green", [ "h-45.42", "v100.69", "h125.92" ] ],
    [ "lcd1:SCL", "uno:A5.2", "green", [ "h-62.64", "v132.09", "h86.1", "v51.66" ] ],
    [ "lcd1:GND", "uno:GND.1", "black", [ "h-55.11", "v139.06", "h106.55" ] ],
    [ "dht1:GND", "uno:GND.1", "black", [ "v63.04", "h182.64" ] ],
    [
      "lcd1:VCC",
      "uno:5V",
      "red",
      [ "h-29.28", "v-85.68", "h356.23", "v501.52", "h-235.69", "v-30.13" ]
    ],
    [ "dht1:VCC", "uno:5V", "red", [ "v348.24", "h265.85" ] ],
    [ "dht1:SDA", "uno:7", "green", [ "v47.98", "h290.04" ] ]
  ]
}