{
  "version": 1,
  "author": "Anonymous maker",
  "editor": "wokwi",
  "parts": [
    { "type": "wokwi-arduino-uno", "id": "uno", "top": -32.7, "left": 133.07, "attrs": {} },
    {
      "type": "wokwi-led",
      "id": "led1",
      "top": -195.22,
      "left": 156.75,
      "attrs": { "color": "red" }
    },
    {
      "type": "wokwi-buzzer",
      "id": "bz1",
      "top": -226.52,
      "left": 70.98,
      "attrs": { "volume": "0.1" }
    },
    { "type": "wokwi-hc-sr04", "id": "ultrasonic1", "top": 34.4, "left": -80.53, "attrs": {} }
  ],
  "connections": [
    [ "ultrasonic1:GND", "uno:GND.2", "black", [ "v54.3", "h254.65", "v8.39", "h34.95" ] ],
    [ "ultrasonic1:ECHO", "uno:13", "green", [ "v-0.92", "h117.16", "v-202.7", "h132.8" ] ],
    [ "ultrasonic1:TRIG", "uno:12", "green", [ "v4.67", "h118.06", "v-222.27", "h26.56" ] ],
    [ "ultrasonic1:VCC", "uno:5V", "red", [ "v96.93", "h134.34" ] ],
    [ "led1:A", "uno:2", "green", [ "v23.29", "h135.65" ] ],
    [ "led1:C", "uno:GND.1", "black", [ "v44.95", "h76.55" ] ],
    [ "bz1:1", "uno:GND.1", "black", [ "v44.64", "h140.63" ] ],
    [ "bz1:2", "uno:10", "green", [ "v25.07", "h186.26" ] ]
  ]
}